{
  "std": -0.5127036308135172,
  "min": 0.5252226460208365,
  "max": -0.5241069660008649,
  "mean": 0.03678359849269739,
  "dynamic_range": -0.5177012016926034,
  "absolute_range": -0.5291611665412614,
  "coef_variation": 0.0015387083934795816
}